<?xml version="1.0" encoding="UTF-8"?>
<project-private xmlns="http://www.netbeans.org/ns/project-private/1">
    <editor-bookmarks xmlns="http://www.netbeans.org/ns/editor-bookmarks/2" lastBookmarkId="0"/>
    <open-files xmlns="http://www.netbeans.org/ns/projectui-open-files/2">
        <group>
            <file>file:/Users/fldotti/Desktop/bft-smart-parallel/src/parallelism/CBASE/graph/concurrent/ParallelizerImpl.java</file>
            <file>file:/Users/fldotti/Desktop/bft-smart-parallel/src/parallelism/CBASE/DefaultConflictDefinition.java</file>
            <file>file:/Users/fldotti/Desktop/bft-smart-parallel/src/parallelism/CBASE/ConflictDefinition.java</file>
            <file>file:/Users/fldotti/Desktop/bft-smart-parallel/src/parallelism/CBASE/graph/sequential/ParallelizerImpl.java</file>
            <file>file:/Users/fldotti/Desktop/bft-smart-parallel/src/parallelism/CBASE/graph/sequential/RequestQueueImpl.java</file>
            <file>file:/Users/fldotti/Desktop/bft-smart-parallel/src/parallelism/CBASE/graph/ian/VList.java</file>
            <file>file:/Users/fldotti/Desktop/bft-smart-parallel/src/demo/list/ListServerMP.java</file>
            <file>file:/Users/fldotti/Desktop/bft-smart-parallel/src/demo/list/ListServerMPConcurrent.java</file>
        </group>
    </open-files>
</project-private>
